TS,Tamb,Hamb,DirVento,VelVento,NivelAgua,NivelAguaC,radSolar,Ttanque1,Ttanque2,Ttanque3
1783680565,28.92271,78.03006,91,2,224,,1,28.03563,27.83244,24.04304
1783680566,28.92271,78.03006,91,2,224,,1,26.44473,27.18938,23.80618
1783680567,28.92271,78.03006,91,2,224,,0,27.35871,27.22325,24.41496
1783680567,28.92271,78.03006,183,2,224,,3,28.95002,27.69717,24.1783
1783680568,28.92271,78.03006,183,2,224,,1,29.11935,27.18938,24.68549
1783680569,28.92271,78.03006,183,2,224,,1,28.78069,27.7649,24.41496
1783680569,28.92271,78.03006,183,2,224,,1,28.44203,28.03563,25.02375
1783680570,28.92271,78.03006,183,2,224,,1,28.30656,27.90037,24.92235
1783680571,28.92271,78.03006,183,2,225,,1,27.8665,27.02005,23.87391
1783680572,28.92271,78.03006,183,2,223,,1,27.05412,27.83244,24.00917
1783680572,28.92271,78.03006,183,2,225,,1,26.98638,27.59557,24.07691
1783680573,28.92271,78.03006,183,2,224,,1,28.40816,26.61406,24.68549
1783680574,28.92271,78.03006,183,2,224,,1,28.74682,27.05412,24.11057
1783680574,28.92271,78.03006,183,2,224,,1,27.59557,27.22325,25.39588
1783680575,28.92271,78.03006,183,1,224,,1,28.1711,27.9681,25.05762
1783680576,28.92271,78.03006,183,2,224,,1,28.44203,27.15551,23.94144
1783680576,28.92271,78.03006,183,2,224,,1,28.74682,27.73104,24.65183
1783680577,28.92271,78.03006,183,2,224,,1,29.05162,27.46011,24.21217
1783680578,28.92271,78.03006,183,2,224,,1,28.98389,26.81705,23.94144
1783680578,28.92271,78.03006,183,2,224,,1,27.90037,26.91865,24.3811
1783680579,28.92271,78.03006,183,2,224,,1,28.67909,26.95252,24.2797
1783680580,28.92271,78.03006,183,1,224,,1,28.30656,28.47589,23.63725
1783680580,28.92271,78.03006,183,2,224,,1,28.74682,27.35871,22.9948
1783680581,28.92271,78.03006,183,2,225,,1,27.90037,27.66331,23.97531
1783680582,28.92271,78.03006,183,2,224,,1,28.78069,27.35871,24.11057
1783680582,28.92271,78.03006,183,2,224,,1,28.34043,27.22325,23.87391
1783680583,28.92271,78.03006,183,2,224,,1,29.52575,27.69717,24.51636
1783680584,28.92271,78.03006,183,1,224,,1,-240.0929,28.10336,24.99009
1783680584,28.92271,78.03006,183,2,224,,1,28.30656,28.23883,24.68549
1783680585,28.92271,78.03006,183,2,224,,1,-232.6113,28.23883,23.56952
1783680586,28.92271,78.03006,183,2,224,,1,28.30656,328.0054,-237.7519
1783680586,28.92271,78.03006,183,2,224,,1,308.2521,816.0382,24.11057
1783680587,28.92271,78.03006,183,2,224,,1,-240.0929,326.4443,24.2797
1783680588,28.92271,78.03006,183,2,223,,1,28.30656,326.4443,24.88849
1783680588,28.92271,78.03006,183,2,224,,1,27.69717,-48.14035,26.0726
1783680589,28.92271,78.03006,183,2,224,,1,28.67909,27.52784,317.9832
1783680590,28.92271,78.03006,183,2,224,,1,28.81456,27.52784,24.2797
1783680590,28.92271,78.03006,183,2,224,,1,28.71296,27.8665,630.1603
1783680591,28.92271,78.03006,183,2,224,,1,28.44203,27.8665,23.53585
1783680592,28.92271,78.03006,183,2,224,,1,28.47589,988.7921,23.23146
1783680592,28.92271,78.03006,183,2,224,,1,29.69508,28.23883,23.53585
1783680593,28.92271,78.03006,183,2,224,,1,28.20496,27.8665,24.61796
1783680594,28.92271,78.03006,183,2,224,,1,28.95002,28.74682,317.835
1783680594,28.92271,78.03006,183,2,224,,1,28.1711,28.50976,25.22675
1783680595,28.92271,78.03006,183,2,224,,1,28.13723,28.95002,25.83574
1783680596,28.92271,78.03006,183,2,224,,1,28.34043,28.30656,25.05762
1783680596,28.92271,78.03006,183,2,224,,1,28.84842,28.61136,24.88849
1783680597,28.92271,78.03006,183,2,224,,1,27.7649,27.56171,24.92235
1783680598,28.92271,78.03006,183,2,223,,1,27.46011,28.50976,24.44883
1783680598,28.92271,78.03006,183,2,224,,1,27.79877,27.90037,23.94144
1783680599,28.92271,78.03006,183,2,224,,1,27.7649,28.20496,24.82096
1783680600,28.92271,78.03006,183,2,224,,1,28.1711,28.20496,24.1783
1783680600,28.92271,78.03006,183,2,224,,2,27.90037,28.20496,24.07691
1783680601,28.92271,78.03006,183,2,224,,1,27.73104,26.95252,24.07691
1783680602,28.92271,78.03006,183,2,224,,1,27.12165,26.95252,24.07691
1783680603,28.92271,78.03006,183,2,224,,1,27.12165,27.15551,24.07691
1783680603,28.92271,78.03006,183,2,224,,1,26.61406,27.52784,24.31357
1783680604,28.92271,78.03006,183,2,224,,1,28.00177,27.35871,24.31357
1783680605,28.92271,78.03006,183,2,224,,1,28.57749,27.49417,23.33286
1783680605,28.92271,78.03006,183,2,224,,1,27.42644,28.2727,23.0962
1783680606,28.92271,78.03006,183,2,224,,1,27.79877,26.88478,21.20351
1783680607,28.92271,78.03006,183,2,224,,1,28.0697,27.12165,22.92727
1783680607,28.92271,78.03006,183,2,224,,1,27.18938,27.73104,23.97531
1783680608,28.92271,78.03006,183,2,225,,1,27.49417,27.18938,23.56952
1783680609,28.92271,78.03006,183,2,224,,1,27.59557,28.2727,22.58921
1783680609,28.92271,78.03006,183,2,225,,1,27.83244,27.35871,23.63725
1783680610,28.92271,78.03006,183,2,225,,1,28.84842,27.9681,23.33286
1783680611,28.92271,78.03006,183,2,225,,1,27.62944,27.05412,22.69061
1783680611,28.92271,78.03006,183,2,225,,1,27.9681,27.42644,22.96113
1783680612,28.92271,78.03006,183,2,225,,1,27.69717,27.22325,23.63725
1783680613,28.92271,78.03006,183,2,225,,1,27.93403,27.12165,24.24583
1783680613,28.92271,78.03006,183,2,224,,1,27.32484,27.12165,22.75814
1783680614,28.92271,78.03006,183,2,225,,1,27.73104,27.49417,24.14444
1783680615,28.92271,78.03006,183,2,225,,1,26.44473,27.73104,23.43446
1783680615,28.92271,78.03006,183,2,225,,1,27.8665,27.8665,22.72447
1783680616,28.92271,78.03006,183,2,225,,1,27.25711,27.15551,23.80618
1783680617,28.92271,78.03006,183,2,225,,1,28.00177,27.69717,23.63725
1783680617,28.92271,78.03006,183,2,225,,1,28.03563,26.85092,24.61796
1783680618,28.92271,78.03006,183,2,225,,1,27.59557,27.59557,24.31357
1783680619,28.92271,78.03006,183,2,225,,1,26.85092,26.71565,23.43446
1783680619,28.92271,78.03006,183,2,225,,1,27.15551,27.32484,24.5841
1783680620,28.92271,78.03006,183,2,225,,1,26.81705,26.78319,23.77251
1783680621,28.92271,78.03006,183,2,225,,1,28.23883,26.74932,24.14444
1783680621,28.92271,78.03006,183,2,225,,1,27.35871,27.02005,24.61796
1783680622,28.92271,78.03006,183,2,225,,1,27.66331,28.03563,24.41496
1783680623,28.92271,78.03006,183,2,225,,1,27.73104,27.18938,24.04304
1783680623,28.92271,78.03006,183,2,225,,1,27.32484,27.56171,23.40059
1783680624,28.92271,78.03006,183,2,225,,1,27.05412,27.66331,24.11057
1783680625,28.92271,78.03006,183,2,225,,1,27.90037,27.08778,24.34743
1783680625,28.92271,78.03006,183,2,225,,1,-234.612,27.9681,24.21217
1783680626,28.92271,78.03006,183,2,225,,1,27.12165,26.95252,24.5841
1783680627,28.92271,78.03006,183,2,224,,1,26.85092,27.08778,23.87391
1783680627,28.92271,78.03006,183,2,224,,1,27.22325,27.93403,25.46361
1783680628,28.92271,78.03006,183,2,225,,1,26.61406,27.18938,24.61796
1783680629,28.92271,78.03006,183,2,225,,1,27.35871,27.7649,23.63725
1783680629,28.92271,78.03006,183,2,224,,1,27.18938,26.14033,25.39588
1783680630,28.92271,78.03006,183,2,225,,1,27.42644,28.1711,24.65183
1783680631,28.92271,78.03006,183,2,225,,1,27.73104,27.79877,24.24583
1783680631,28.92271,78.03006,183,2,225,,1,27.9681,26.68159,24.95622
1783680632,28.92271,78.03006,183,2,225,,1,27.69717,27.22325,24.4827
1783680633,28.92271,78.03006,183,2,224,,1,28.00177,26.78319,24.5841
1783680634,28.92271,78.03006,183,2,225,,1,27.29098,27.8665,24.34743
1783680634,28.92271,78.03006,183,2,224,,1,27.29098,26.1742,24.2797
1783680635,28.92271,78.03006,183,2,224,,1,27.62944,28.1711,24.61796
1783680636,28.92271,78.03006,183,2,224,,1,27.12165,27.15551,24.11057
1783680636,28.92271,78.03006,183,2,224,,1,27.52784,27.12165,24.82096
1783680637,28.92271,78.03006,183,2,224,,1,27.83244,27.49417,23.90778
1783680638,28.92271,78.03006,183,2,224,,1,27.73104,27.42644,23.63725
1783680638,28.92271,78.03006,183,2,224,,1,26.88478,26.95252,23.36672
1783680639,28.92271,78.03006,183,2,225,,1,28.1711,26.68159,24.65183
1783680640,28.92271,78.03006,183,2,224,,1,26.64792,26.47879,24.24583
1783680640,28.92271,78.03006,183,2,224,,1,26.91865,26.54632,24.21217
1783680641,28.92271,78.03006,183,2,224,,1,27.56171,28.03563,24.21217
1783680642,28.92271,78.03006,183,2,224,,1,27.35871,27.7649,24.68549
1783680642,28.92271,78.03006,183,2,224,,1,26.88478,28.0697,23.60338
1783680643,28.92271,78.03006,183,2,224,,1,27.08778,28.23883,23.60338
1783680644,28.92271,78.03006,183,2,224,,1,27.29098,26.91865,24.34743
1783680644,28.92271,78.03006,183,2,224,,1,27.05412,27.49417,24.34743
1783680645,28.92271,78.03006,183,2,224,,1,27.73104,27.08778,24.34743
1783680646,28.92271,78.03006,183,2,224,,1,27.29098,27.8665,24.04304
1783680646,28.92271,78.03006,183,2,224,,1,27.69717,28.1711,24.04304
1783680647,28.92271,78.03006,183,2,225,,1,27.12165,27.52784,24.04304
1783680648,28.92271,78.03006,183,2,224,,1,26.74932,27.69717,24.04304
1783680648,28.92271,78.03006,183,2,224,,1,27.73104,28.20496,24.04304
1783680649,28.92271,78.03006,183,2,224,,1,27.42644,27.46011,23.77251
1783680650,28.92271,78.03006,183,2,225,,1,26.71565,27.79877,23.73865
1783680650,28.92271,78.03006,183,2,224,,1,28.30656,27.39258,23.70478
1783680651,28.92271,78.03006,183,2,224,,1,27.05412,26.68159,23.46812
1783680652,28.92271,78.03006,183,2,224,,1,27.56171,27.35871,22.8934
1783680652,28.92271,78.03006,183,2,224,,1,27.12165,28.91616,23.29919
1783680653,28.92271,78.03006,183,2,224,,1,28.20496,26.74932,24.07691
1783680654,28.92271,78.03006,183,2,225,,1,27.59557,27.62944,23.50199
1783680654,28.92271,78.03006,183,2,224,,1,27.9681,28.54363,23.87391
1783680655,28.92271,78.03006,183,2,225,,1,27.22325,27.69717,23.46812
1783680657,28.92271,78.03006,183,2,224,,1,26.81705,27.69717,22.65674
1783680657,28.92271,78.03006,183,2,224,,1,27.08778,27.08778,23.26533
1783680657,28.92271,78.03006,183,2,225,,1,27.9681,27.59557,22.55534
1783680658,28.92271,78.03006,183,2,225,,1,27.08778,27.35871,23.13006
1783680658,28.92271,78.03006,183,2,224,,1,27.69717,26.61406,22.96113
1783680659,28.92271,78.03006,183,2,225,,1,27.62944,27.90037,23.40059
1783680660,28.92271,78.03006,183,2,225,,1,27.49417,28.00177,24.04304
1783680660,28.92271,78.03006,183,2,225,,1,27.15551,27.25711,23.70478
1783680661,28.92271,78.03006,183,2,225,,1,23.50199,26.81705,22.9948
1783680662,28.92271,78.03006,183,2,225,,1,28.03563,27.93403,23.36672
1783680662,28.92271,78.03006,183,2,225,,1,27.32484,27.52784,23.43446
1783680663,28.92271,78.03006,183,2,225,,1,27.9681,27.56171,22.69061
1783680664,28.92271,78.03006,183,2,224,,0,28.81456,27.22325,23.46812
1783680664,28.92271,78.03006,183,2,225,,1,28.71296,26.64792,23.36672
1783680665,28.92271,78.03006,183,2,225,,1,27.73104,28.13723,24.31357
1783680666,28.92271,78.03006,183,2,225,,1,29.08549,26.30946,22.8934
1783680667,28.92271,78.03006,183,2,224,,1,27.39258,26.68159,23.26533
1783680667,28.92271,78.03006,183,2,225,,1,27.52784,26.88478,23.53585
1783680668,28.92271,78.03006,183,2,225,,1,27.79877,26.95252,23.0962
1783680669,28.92271,78.03006,183,2,225,,1,28.71296,25.42974,22.62308
1783680669,28.92271,78.03006,183,2,225,,1,28.81456,27.83244,23.16393
1783680670,28.92271,78.03006,183,2,225,,1,28.50976,28.03563,22.92727
1783680671,28.92271,78.03006,183,2,225,,1,28.20496,27.93403,23.33286
1783680671,28.92271,78.03006,183,2,225,,1,28.54363,27.69717,23.33286
1783680672,28.92271,78.03006,183,2,225,,1,28.54363,26.95252,24.2797
1783680673,28.92271,78.03006,183,2,225,,1,28.84842,28.50976,22.75814
1783680673,28.92271,78.03006,183,2,225,,1,28.50976,26.78319,23.13006
1783680674,28.92271,78.03006,183,2,225,,1,29.15322,27.66331,23.90778
1783680675,28.92271,78.03006,183,2,225,,1,27.73104,26.71565,22.42028
1783680675,28.92271,78.03006,183,2,225,,1,28.67909,25.80187,23.02867
1783680676,28.92271,78.03006,183,2,225,,1,28.50976,27.83244,23.50199
1783680677,28.92271,78.03006,183,2,225,,1,27.83244,27.02005,23.02867
1783680677,28.92271,78.03006,183,2,225,,1,29.45802,27.90037,23.50199
1783680678,28.92271,78.03006,183,2,225,,1,29.59348,27.73104,24.41496
1783680679,28.92271,78.03006,183,2,225,,1,28.57749,27.02005,23.50199
1783680679,28.92271,78.03006,183,2,225,,1,28.71296,28.20496,22.9948
1783680680,28.92271,78.03006,183,2,225,,1,28.71296,27.7649,23.43446
1783680681,28.92271,78.03006,183,2,225,,1,27.8665,28.1711,23.26533
1783680681,28.92271,78.03006,183,2,225,,1,28.88229,26.95252,23.56952
1783680682,28.92271,78.03006,183,2,224,,1,28.88229,26.44473,23.53585
1783680683,28.92271,78.03006,183,2,224,,1,26.64792,28.00177,22.9948
1783680683,28.92271,78.03006,183,2,224,,1,28.81456,27.7649,22.65674
1783680684,28.92271,78.03006,183,2,224,,1,27.7649,28.03563,23.90778
1783680685,28.92271,78.03006,183,2,224,,1,27.79877,27.39258,23.0962
1783680685,28.92271,78.03006,183,2,224,,1,28.2727,27.9681,23.40059
1783680686,28.92271,78.03006,183,2,225,,3,29.72895,26.98638,23.56952
1783680687,28.92271,78.03006,91,1,224,,1,-240.1221,27.62944,24.75323
1783680687,28.92271,78.03006,91,2,224,,1,29.45802,27.62944,25.59887
1783680688,28.92271,78.03006,91,1,224,,1,28.95002,27.8665,27.8665
1783680689,28.92271,78.03006,91,1,224,,1,28.30656,27.18938,23.67112
1783680689,28.92271,78.03006,91,2,224,,1,27.69717,27.05412,23.80618
1783680690,28.92271,78.03006,91,2,224,,1,28.61136,27.73104,25.36221
1783680691,28.92271,78.03006,91,2,224,,1,28.34043,27.73104,23.53585
1783680691,28.92271,78.03006,91,2,224,,1,27.35871,28.03563,24.88849
1783680692,28.92271,78.03006,91,2,224,,1,28.67909,28.95002,24.24583
1783680693,28.92271,78.03006,91,2,224,,1,28.81456,27.46011,24.41496
1783680693,28.92271,78.03006,91,2,224,,1,28.61136,26.34333,24.41496
1783680694,28.92271,78.03006,91,2,224,,1,26.95252,28.95002,24.04304
1783680695,28.92271,78.03006,91,2,225,,1,27.69717,28.74682,23.73865
1783680696,28.92271,78.03006,91,2,225,,1,27.62944,28.54363,24.3811
1783680696,28.92271,78.03006,91,2,225,,1,28.57749,27.93403,23.90778
1783680697,28.92271,78.03006,91,2,225,,1,28.1711,28.61136,24.68549
1783680698,28.92271,78.03006,91,2,225,,1,28.2727,29.72895,24.75323
1783680698,28.92271,78.03006,91,2,225,,1,26.91865,27.56171,24.07691
1783680699,28.92271,78.03006,91,2,225,,1,27.18938,27.56171,22.85974
1783680700,28.92271,78.03006,91,2,224,,1,27.8665,28.23883,23.53585
1783680700,28.92271,78.03006,91,2,225,,1,27.18938,28.88229,23.97531
1783680701,28.92271,78.03006,91,2,224,,1,28.64523,28.1711,24.14444
1783680702,28.92271,78.03006,91,2,224,,1,27.9681,29.62735,23.94144
1783680702,28.92271,78.03006,91,2,224,,1,27.93403,29.22095,23.77251
1783680703,28.92271,78.03006,91,2,224,,1,28.40816,27.90037,24.24583
1783680704,28.92271,78.03006,91,2,224,,1,329.3441,27.90037,23.67112
1783680704,28.92271,78.03006,91,2,224,,1,329.3441,27.8665,23.13006
1783680705,28.92271,78.03006,91,2,224,,1,28.20496,27.56171,319.0951
1783680706,28.92271,78.03006,91,2,224,,1,28.10336,27.93403,24.88849
1783680706,28.92271,78.03006,91,2,224,,1,28.10336,27.83244,24.14444
1783680707,28.92271,78.03006,91,2,224,,1,28.10336,29.05162,23.56952
1783680708,28.92271,78.03006,91,2,224,,1,28.20496,29.05162,23.56952
1783680708,28.92271,78.03006,91,2,224,,1,27.22325,27.93403,23.80618
1783680709,28.92271,78.03006,91,2,225,,1,27.05412,28.57749,23.26533
1783680710,28.92271,78.03006,91,2,224,,1,26.74932,28.44203,22.82587
1783680710,28.92271,78.03006,91,2,225,,1,26.98638,27.18938,23.36672
1783680711,28.92271,78.03006,91,2,225,,1,27.39258,27.66331,24.31357
1783680712,28.92271,78.03006,91,2,225,,1,28.00177,28.88229,23.06253
1783680712,28.92271,78.03006,91,2,225,,1,27.22325,28.47589,23.29919
1783680713,28.92271,78.03006,91,2,225,,1,27.22325,28.30656,23.06253
1783680714,28.92271,78.03006,91,2,225,,1,28.3743,27.66331,22.92727
1783680714,28.92271,78.03006,91,2,225,,1,27.62944,27.9681,23.77251
1783680715,28.92271,78.03006,91,2,225,,1,-234.0828,27.7649,22.96113
1783680716,28.92271,78.03006,91,2,225,,1,27.39258,28.54363,23.43446
1783680716,28.92271,78.03006,91,2,225,,1,28.00177,29.45802,23.80618
1783680717,28.92271,78.03006,91,2,224,,1,27.46011,28.3743,23.53585
1783680718,28.92271,78.03006,91,2,225,,1,28.54363,28.98389,21.10232
1783680718,28.92271,78.03006,91,2,224,,1,27.42644,28.10336,24.51636
1783680719,28.92271,78.03006,91,2,224,,1,27.56171,28.10336,23.36672
1783680720,28.92271,78.03006,91,2,224,,1,28.0697,29.55962,22.48781
1783680720,28.92271,78.03006,91,2,224,,1,27.49417,29.55962,23.63725
1783680721,28.92271,78.03006,91,2,224,,1,27.49417,29.55962,23.63725
1783680722,28.92271,78.03006,91,2,224,,1,27.69717,29.55962,23.87391
1783680722,28.92271,78.03006,91,2,224,,1,28.81456,26.91865,24.71936
1783680723,28.92271,78.03006,91,2,224,,1,28.13723,26.61406,23.46812
1783680724,28.92271,78.03006,91,2,224,,1,28.13723,27.08778,24.24583
1783680724,28.92271,78.03006,91,2,224,,1,27.29098,27.08778,24.24583
1783680725,28.92271,78.03006,91,2,224,,1,27.35871,27.08778,22.85974
1783680726,28.92271,78.03006,91,2,224,,1,27.35871,27.42644,24.07691
1783680726,28.92271,78.03006,91,2,224,,1,27.7649,28.74682,23.06253
1783680727,28.92271,78.03006,91,2,225,,1,28.1711,27.79877,23.1978
1783680728,28.92271,78.03006,91,2,224,,1,27.69717,27.46011,24.68549
1783680729,28.92271,78.03006,91,2,224,,1,27.90037,28.0697,23.70478
1783680729,28.92271,78.03006,91,2,225,,1,27.39258,27.83244,23.06253
1783680730,28.92271,78.03006,91,2,225,,1,27.42644,28.23883,23.23146
1783680731,28.92271,78.03006,91,2,225,,1,27.62944,27.18938,23.56952
1783680731,28.92271,78.03006,91,2,225,,1,27.8665,27.69717,22.14976
1783680732,28.92271,78.03006,91,2,225,,1,27.18938,28.1711,23.26533
1783680733,28.92271,78.03006,91,2,225,,1,27.90037,27.69717,22.75814
1783680733,28.92271,78.03006,91,2,225,,1,27.9681,26.85092,22.42028
1783680734,28.92271,78.03006,91,2,225,,1,27.73104,28.3743,23.60338
1783680735,28.92271,78.03006,91,2,224,,1,27.39258,27.25711,22.8934
1783680735,28.92271,78.03006,91,2,224,,1,27.39258,27.39258,23.87391
1783680736,28.92271,78.03006,91,2,224,,1,-242.02,27.25711,24.1783
1783680737,28.92271,78.03006,91,2,224,,1,28.78069,28.61136,25.02375
1783680737,28.92271,78.03006,91,2,224,,1,26.14033,28.10336,23.80618
1783680738,28.92271,78.03006,91,2,224,,1,28.98389,26.91865,23.90778
1783680739,28.92271,78.03006,91,2,225,,1,27.18938,28.3743,24.14444
1783680739,28.92271,78.03006,91,2,224,,1,28.74682,26.20786,23.97531
1783680740,28.92271,78.03006,91,2,225,,1,28.81456,28.13723,24.55023
1783680741,28.92271,78.03006,91,2,225,,1,28.57749,28.61136,24.07691
1783680741,28.92271,78.03006,91,2,225,,1,27.08778,27.39258,23.50199
1783680742,28.92271,78.03006,91,2,225,,1,26.85092,27.25711,24.24583
1783680743,28.92271,78.03006,91,2,225,,1,28.74682,26.91865,24.44883
1783680743,28.92271,78.03006,91,2,225,,1,27.62944,27.90037,24.99009
1783680744,28.92271,78.03006,91,2,225,,1,27.29098,27.18938,24.31357
1783680745,28.92271,78.03006,91,2,225,,1,26.71565,28.13723,24.44883
1783680745,28.92271,78.03006,91,2,224,,1,27.46011,26.27559,24.4827
1783680746,28.92271,78.03006,91,2,224,,1,29.28868,28.0697,23.73865
1783680747,28.92271,78.03006,91,2,224,,1,27.22325,28.00177,24.5841
1783680747,28.92271,78.03006,91,2,224,,1,630.1603,27.8665,25.19288
1783680748,28.92271,78.03006,91,2,224,,1,27.56171,27.79877,308.2521
1783680749,28.92271,78.03006,91,2,224,,1,988.7921,27.8665,-232.6113
1783680749,28.92271,78.03006,91,2,224,,1,28.3743,28.0697,26.10646
1783680750,28.92271,78.03006,91,2,224,,1,27.62944,28.00177,25.63274
1783680751,28.92271,78.03006,91,2,224,,1,27.35871,26.81705,25.26061
1783680751,28.92271,78.03006,91,2,224,,1,27.8665,27.15551,24.82096
1783680752,28.92271,78.03006,91,2,224,,1,27.8665,27.15551,24.88849
1783680753,28.92271,78.03006,91,2,224,,1,28.74682,27.15551,23.53585
1783680753,28.92271,78.03006,91,2,224,,1,28.67909,27.15551,24.04304
1783680754,28.92271,78.03006,91,2,224,,1,29.15322,27.59557,24.04304
1783680755,28.92271,78.03006,91,2,224,,1,28.00177,27.22325,24.44883
1783680755,28.92271,78.03006,91,2,224,,1,28.40816,27.29098,24.68549
1783680756,28.92271,78.03006,91,2,224,,1,27.59557,27.93403,24.99009
1783680757,28.92271,78.03006,91,2,224,,1,27.93403,26.88478,25.15922
1783680757,28.92271,78.03006,91,2,225,,1,28.10336,27.15551,24.3811
1783680758,28.92271,78.03006,91,2,225,,1,28.50976,25.63274,24.04304
1783680759,28.92271,78.03006,91,2,224,,1,28.20496,27.49417,24.2797
1783680759,28.92271,78.03006,91,2,225,,1,27.39258,26.78319,23.60338
1783680760,28.92271,78.03006,91,2,225,,1,28.67909,28.40816,24.24583
1783680761,28.92271,78.03006,91,2,225,,1,28.57749,28.23883,23.80618
1783680762,28.92271,78.03006,91,2,225,,1,28.81456,28.03563,23.80618
1783680762,28.92271,78.03006,91,2,225,,1,27.46011,27.49417,24.00917
1783680763,28.92271,78.03006,91,2,225,,1,28.71296,27.93403,23.26533
1783680764,28.92271,78.03006,91,2,225,,1,29.42415,28.44203,24.41496
1783680764,28.92271,78.03006,91,2,225,,1,28.20496,26.81705,24.92235
1783680765,28.92271,78.03006,91,2,225,,1,26.98638,28.00177,23.43446
1783680766,28.92271,78.03006,91,2,225,,1,27.90037,27.32484,24.00917
1783680766,28.92271,78.03006,91,2,225,,1,28.54363,27.18938,24.11057
1783680767,28.92271,78.03006,91,2,225,,1,28.95002,27.83244,24.04304
1783680768,28.92271,78.03006,91,2,225,,1,28.95002,28.20496,25.53114
1783680768,28.92271,78.03006,91,2,225,,1,28.61136,27.90037,23.60338
1783680769,28.92271,78.03006,91,2,225,,1,28.98389,27.32484,24.4827
1783680770,28.92271,78.03006,91,2,224,,1,28.47589,27.9681,22.9948
1783680770,28.92271,78.03006,91,2,224,,1,27.73104,29.18709,23.87391
1783680771,28.92271,78.03006,91,2,224,,1,28.91616,28.47589,23.33286
1783680772,28.92271,78.03006,91,2,224,,1,28.74682,28.47589,24.1783
1783680772,28.92271,78.03006,91,2,224,,1,27.7649,27.8665,25.63274
1783680773,28.92271,78.03006,91,2,224,,1,27.83244,28.74682,24.41496
1783680774,28.92271,78.03006,91,2,224,,1,27.83244,28.74682,24.41496
1783680774,28.92271,78.03006,91,2,224,,1,28.74682,28.61136,23.46812
1783680775,28.92271,78.03006,91,1,224,,1,28.1711,28.13723,22.9948
1783680776,28.92271,78.03006,91,2,224,,1,28.47589,28.81456,24.2797
1783680776,28.92271,78.03006,91,2,224,,1,28.03563,28.64523,25.05762
1783680777,28.92271,78.03006,91,2,225,,1,28.50976,28.54363,23.67112
1783680778,28.92271,78.03006,91,2,225,,1,28.54363,27.93403,24.07691
1783680778,28.92271,78.03006,91,2,225,,1,28.13723,27.79877,24.78709
1783680779,28.92271,78.03006,91,2,225,,1,29.18709,20.02122,24.00917
1783680780,28.92271,78.03006,91,2,225,,1,28.81456,28.47589,24.04304
1783680780,28.92271,78.03006,91,2,225,,1,28.34043,28.0697,24.14444
1783680781,28.92271,78.03006,91,2,225,,1,28.00177,28.50976,24.68549
1783680782,28.92271,78.03006,91,2,225,,1,28.34043,27.35871,24.68549
1783680782,28.92271,78.03006,91,2,225,,1,27.9681,27.79877,23.23146
1783680783,28.92271,78.03006,91,2,225,,1,28.64523,27.90037,24.51636
1783680784,28.92271,78.03006,91,2,225,,1,27.02005,28.91616,23.56952
1783680784,28.92271,78.03006,91,2,225,,1,28.50976,28.84842,23.53585
1783680785,28.92271,78.03006,91,2,225,,1,29.01776,29.25482,23.63725
1783680786,28.92271,78.03006,91,2,225,,1,27.52784,27.66331,24.14444
1783680786,28.92271,78.03006,91,2,225,,1,28.74682,29.32255,24.75323
1783680787,28.92271,78.03006,91,2,225,,1,29.45802,-235.0234,25.59887
1783680788,28.92271,78.03006,91,2,225,,1,27.90037,27.83244,24.55023
1783680788,28.92271,78.03006,91,2,225,,1,28.44203,28.20496,24.41496
1783680789,28.92271,78.03006,91,2,225,,1,29.79668,27.52784,24.07691
1783680790,28.92271,78.03006,91,2,225,,1,28.54363,28.54363,24.82096
1783680790,28.92271,78.03006,91,2,225,,1,28.0697,27.66331,24.41496
1783680791,28.92271,78.03006,91,2,225,,1,27.69717,27.42644,24.5841
1783680792,28.92271,78.03006,91,2,225,,1,28.2727,28.34043,23.67112
1783680793,28.92271,78.03006,91,2,225,,1,28.98389,28.64523,24.41496
1783680793,28.92271,78.03006,91,2,225,,1,29.76281,28.34043,25.32835
1783680794,28.92271,78.03006,91,2,225,,1,28.1711,28.81456,24.68549
1783680795,28.92271,78.03006,91,2,225,,1,28.44203,28.20496,24.65183
1783680795,28.92271,78.03006,91,2,225,,1,28.1711,28.03563,25.19288
1783680796,28.92271,78.03006,91,2,225,,1,29.01776,27.83244,24.71936
1783680797,28.92271,78.03006,91,2,225,,1,28.74682,27.32484,23.26533
1783680797,28.92271,78.03006,91,2,225,,1,29.69508,30.16941,24.71936
1783680798,28.92271,78.03006,91,2,225,,1,28.84842,27.66331,24.68549
1783680799,28.92271,78.03006,91,2,225,,1,27.83244,29.01776,24.3811
1783680799,28.92271,78.03006,91,2,225,,1,29.45802,27.66331,23.43446
1783680800,28.92271,78.03006,91,2,225,,1,28.81456,29.49188,24.14444
1783680801,28.92271,78.03006,91,2,225,,1,29.89848,28.34043,24.1783
1783680801,28.92271,78.03006,91,2,225,,1,29.28868,27.52784,24.00917
1783680802,28.92271,78.03006,91,2,225,,1,28.0697,27.46011,23.77251
1783680803,28.92271,78.03006,91,2,225,,1,26.20786,27.90037,23.80618
1783680803,28.92271,78.03006,91,2,224,,1,29.83055,27.8665,24.85462
1783680804,28.92271,78.03006,91,2,224,,1,28.30656,28.57749,23.90778
1783680805,28.92271,78.03006,91,2,224,,1,29.45802,29.83055,23.40059
1783680805,28.92271,78.03006,91,2,224,,1,28.2727,28.61136,23.53585
1783680806,28.92271,78.03006,91,2,224,,1,28.71296,28.50976,23.90778
1783680807,28.92271,78.03006,91,2,224,,1,28.34043,28.78069,23.97531
1783680807,28.92271,78.03006,0,2,224,,1,29.69508,28.23883,24.21217
1783680808,28.92271,78.03006,91,2,224,,1,27.79877,28.54363,24.88849
1783680809,28.92271,78.03006,91,2,224,,1,27.46011,28.20496,25.19288
1783680809,28.92271,78.03006,91,2,224,,1,-232.6113,28.20496,24.61796
1783680810,28.92271,78.03006,91,2,224,,1,27.79877,27.93403,24.82096
1783680811,28.92271,78.03006,91,2,224,,1,27.79877,988.7921,25.70047
1783680811,28.92271,78.03006,91,2,224,,1,28.61136,27.93403,24.88849
1783680812,28.92271,78.03006,91,2,224,,1,27.73104,27.93403,24.71936
1783680813,28.92271,78.03006,91,2,224,,1,28.54363,29.18709,23.50199
1783680813,28.92271,78.03006,91,2,224,,1,28.84842,28.34043,23.67112
1783680814,28.92271,78.03006,91,2,224,,1,28.0697,28.34043,25.32835
1783680815,28.92271,78.03006,91,2,224,,1,28.0697,28.34043,25.32835
1783680815,28.92271,78.03006,91,2,224,,1,28.40816,27.12165,24.21217
1783680816,28.92271,78.03006,91,2,225,,1,28.2727,27.90037,25.02375
1783680817,28.92271,78.03006,91,2,224,,1,27.62944,26.88478,24.55023
1783680817,28.92271,78.03006,91,2,225,,1,26.64792,27.79877,24.11057
1783680818,28.92271,78.03006,91,2,225,,1,27.83244,28.0697,24.78709
1783680819,28.92271,78.03006,91,2,225,,1,28.03563,26.41106,24.61796
1783680819,28.92271,78.03006,91,2,225,,1,28.10336,27.90037,24.78709
1783680820,28.92271,78.03006,91,2,225,,1,27.59557,26.68159,24.21217
1783680821,28.92271,78.03006,91,2,225,,1,29.08549,27.69717,24.3811
1783680821,28.92271,78.03006,91,2,225,,1,28.74682,28.1711,24.88849
1783680822,28.92271,78.03006,91,2,225,,1,27.56171,27.8665,24.5841
1783680823,28.92271,78.03006,91,2,225,,1,28.64523,27.46011,24.41496
1783680824,28.92271,78.03006,91,2,225,,1,28.95002,28.10336,23.94144
1783680824,28.92271,78.03006,91,2,225,,1,28.0697,27.35871,24.11057
1783680825,28.92271,78.03006,91,2,225,,1,29.01776,26.27559,24.85462
1783680826,28.92271,78.03006,91,2,224,,1,27.9681,27.42644,23.77251
1783680826,28.92271,78.03006,91,2,224,,1,29.69508,28.13723,24.61796
1783680827,28.92271,78.03006,91,2,224,,1,36.54454,27.22325,24.85462
1783680828,28.92271,78.03006,91,2,224,,1,36.54454,325.7752,24.14444
1783680828,28.92271,78.03006,91,2,224,,1,29.01776,28.23883,24.71936
1783680829,28.92271,78.03006,91,2,224,,1,29.42415,28.30656,24.99009
1783680830,28.92271,78.03006,91,2,224,,1,29.05162,29.83055,24.75323
1783680830,28.92271,78.03006,91,2,224,,1,29.01776,28.30656,24.11057
1783680831,28.92271,78.03006,91,2,224,,1,28.20496,27.7649,24.75323
1783680832,28.92271,78.03006,91,2,224,,1,28.20496,27.7649,24.75323
1783680832,28.92271,78.03006,91,2,224,,1,28.74682,27.7649,23.97531
1783680833,28.92271,78.03006,91,2,224,,1,28.0697,27.66331,23.70478
1783680834,28.92271,78.03006,91,1,224,,1,26.91865,28.23883,23.50199
1783680834,28.92271,78.03006,91,1,225,,1,27.62944,28.50976,23.84025
1783680835,28.92271,78.03006,91,2,225,,1,28.23883,-234.9058,23.43446
1783680836,28.92271,78.03006,91,2,225,,1,27.46011,28.91616,22.792
1783680836,28.92271,78.03006,91,2,225,,1,27.42644,28.54363,23.26533
1783680837,28.92271,78.03006,91,2,225,,1,28.71296,28.84842,23.60338
1783680838,28.92271,78.03006,91,2,225,,1,27.83244,29.25482,23.77251
1783680838,28.92271,78.03006,91,2,225,,1,27.79877,28.81456,23.70478
1783680839,28.92271,78.03006,91,2,225,,1,28.54363,27.18938,23.53585
1783680840,28.92271,78.03006,91,2,225,,1,28.03563,27.18938,23.77251
1783680840,28.92271,78.03006,91,2,225,,1,28.47589,27.35871,23.29919
1783680841,28.92271,78.03006,91,2,225,,1,26.95252,27.66331,24.31357
1783680842,28.92271,78.03006,91,2,225,,1,28.30656,28.3743,24.04304
1783680842,28.92271,78.03006,91,2,225,,1,27.39258,27.8665,23.23146
1783680843,28.92271,78.03006,91,2,225,,1,27.56171,28.54363,24.00917
1783680844,28.92271,78.03006,91,2,224,,1,27.8665,28.30656,24.21217
1783680844,28.92271,78.03006,91,2,224,,1,27.73104,28.78069,23.40059
1783680845,28.92271,78.03006,91,2,224,,1,28.3743,29.05162,23.73865
1783680846,28.92271,78.03006,85,2,225,,1,28.30656,27.7649,23.90778
1783680846,28.92271,78.03006,91,2,225,,1,27.66331,27.8665,23.80618
1783680847,28.92271,78.03006,91,2,225,,1,27.8665,-242.02,318.2795
1783680848,28.92271,78.03006,91,2,225,,1,27.18938,27.52784,23.80618
1783680848,28.92271,78.03006,91,2,225,,1,28.44203,28.95002,23.0962
1783680849,28.92271,78.03006,91,2,225,,1,28.44203,28.95002,24.2797
1783680850,28.92271,78.03006,91,2,225,,1,28.2727,27.49417,23.84025
1783680850,28.92271,78.03006,91,2,225,,1,28.00177,27.49417,24.21217
1783680851,28.92271,78.03006,91,2,225,,1,28.00177,27.49417,23.1978
1783680852,28.92271,78.03006,91,2,225,,1,27.8665,27.83244,23.1978
1783680852,28.92271,78.03006,91,2,225,,1,27.18938,28.61136,23.87391
1783680853,28.92271,78.03006,91,2,225,,1,27.69717,28.64523,24.07691
1783680854,28.92271,78.03006,91,2,225,,1,27.49417,28.71296,24.55023
1783680854,28.92271,78.03006,91,2,225,,1,27.35871,29.32255,24.41496
1783680855,28.92271,78.03006,91,2,225,,1,27.59557,28.20496,24.55023
1783680856,28.92271,78.03006,91,2,225,,1,28.2727,28.30656,24.41496
1783680857,28.92271,78.03006,91,2,225,,1,28.23883,28.40816,24.95622
1783680857,28.92271,78.03006,91,1,225,,1,27.7649,27.9681,24.07691
1783680858,28.92271,78.03006,91,1,225,,1,28.40816,28.2727,24.85462
1783680859,28.92271,78.03006,91,2,224,,1,27.08778,27.9681,23.26533
1783680859,28.92271,78.03006,91,2,225,,1,27.42644,28.54363,24.44883
1783680860,28.92271,78.03006,91,2,225,,1,28.84842,27.8665,23.53585
1783680861,28.92271,78.03006,91,2,224,,1,28.30656,28.23883,24.51636
1783680861,28.92271,78.03006,91,2,224,,1,27.69717,27.83244,24.71936
1783680862,28.92271,78.03006,91,2,224,,1,26.78319,26.85092,24.24583
1783680863,28.92271,78.03006,91,2,224,,1,28.0697,27.02005,25.09148
1783680863,28.92271,78.03006,91,2,224,,1,27.62944,27.12165,24.04304
1783680864,28.92271,78.03006,91,2,224,,1,28.10336,28.3743,25.12535
1783680865,28.92271,78.03006,91,2,224,,1,28.00177,27.9681,24.68549
1783680865,28.92271,78.03006,91,2,224,,1,27.73104,27.9681,24.4827
1783680866,28.92271,78.03006,91,2,224,,1,27.56171,27.22325,24.1783
1783680867,28.92271,78.03006,91,2,224,,1,28.50976,28.2727,24.04304
1783680867,28.92271,78.03006,91,2,224,,1,28.61136,28.30656,24.65183
1783680868,28.92271,78.03006,91,2,224,,1,28.2727,28.20496,24.82096
1783680869,28.92271,78.03006,91,2,224,,1,27.79877,28.13723,24.21217
1783680869,28.92271,78.03006,91,2,224,,1,27.83244,27.02005,23.97531
1783680870,28.92271,78.03006,91,2,224,,1,28.30656,27.8665,23.70478
1783680871,28.92271,78.03006,91,2,224,,1,27.62944,28.44203,24.71936
1783680871,28.92271,78.03006,91,2,224,,1,988.7921,27.62944,24.11057
1783680872,28.92271,78.03006,91,2,225,,1,27.56171,308.2892,988.7921
1783680873,28.92271,78.03006,91,2,225,,1,28.81456,27.90037,22.82587
1783680873,28.92271,78.03006,91,2,225,,1,27.12165,27.49417,22.35275
1783680874,28.92271,78.03006,91,2,225,,1,28.78069,27.79877,23.23146
1783680875,28.92271,78.03006,91,2,225,,1,28.78069,27.79877,23.73865
1783680875,28.92271,78.03006,91,2,225,,1,28.13723,27.79877,23.73865
1783680876,28.92271,78.03006,91,2,225,,1,27.35871,27.79877,19.85249
1783680877,28.92271,78.03006,91,2,225,,1,27.93403,27.59557,23.33286
1783680877,28.92271,78.03006,91,2,225,,1,28.23883,27.56171,23.56952
1783680878,28.92271,78.03006,91,2,225,,1,28.47589,27.32484,23.1978
1783680879,28.92271,78.03006,91,2,225,,1,28.3743,26.27559,22.9948
1783680879,28.92271,78.03006,91,2,225,,1,27.69717,26.85092,23.80618
1783680880,28.92271,78.03006,91,2,224,,1,28.03563,27.15551,23.70478
1783680881,28.92271,78.03006,91,2,225,,1,27.79877,28.74682,23.16393
1783680881,28.92271,78.03006,91,2,224,,1,27.32484,28.98389,22.45395
1783680882,28.92271,78.03006,91,2,224,,1,28.13723,28.13723,22.96113
1783680883,28.92271,78.03006,91,2,224,,1,27.59557,29.59348,23.1978
1783680883,28.92271,78.03006,91,2,224,,1,29.05162,28.1711,23.23146
1783680884,28.92271,78.03006,91,2,224,,1,27.15551,28.23883,23.53585
1783680885,28.92271,78.03006,91,2,224,,1,26.85092,28.54363,24.5841
1783680886,28.92271,78.03006,91,2,224,,1,27.73104,27.8665,23.1978
1783680886,28.92271,78.03006,91,2,224,,1,27.52784,28.3743,24.11057
1783680887,28.92271,78.03006,91,2,224,,1,27.39258,28.2727,24.11057
1783680888,28.92271,78.03006,91,2,224,,1,28.10336,28.1711,23.02867
1783680888,28.92271,78.03006,91,2,224,,1,29.22095,28.71296,22.92727
1783680889,28.92271,78.03006,91,2,224,,1,28.13723,28.2727,23.84025
1783680890,28.92271,78.03006,91,2,224,,1,29.05162,29.05162,24.2797
1783680890,28.92271,78.03006,91,2,224,,1,469.7128,329.9021,24.88849
1783680891,28.92271,78.03006,0,2,225,,1,27.62944,28.67909,25.70047
1783680892,28.92271,78.03006,91,2,225,,1,28.03563,29.05162,25.49748
1783680892,28.92271,78.03006,91,2,225,,1,28.03563,27.08778,23.60338
1783680893,28.92271,78.03006,91,2,225,,1,28.57749,28.57749,23.60338
1783680894,28.92271,78.03006,91,2,225,,1,27.7649,28.13723,24.95622
1783680894,28.92271,78.03006,91,2,225,,1,28.03563,29.72895,25.12535
1783680895,28.92271,78.03006,91,2,224,,1,28.20496,29.18709,25.46361
1783680896,28.92271,78.03006,91,2,224,,1,27.59557,29.05162,23.43446
1783680896,28.92271,78.03006,91,2,224,,1,27.39258,29.08549,25.46361
1783680897,28.92271,78.03006,91,2,224,,1,26.71565,28.78069,23.80618
1783680898,28.92271,78.03006,91,2,224,,1,28.13723,28.23883,24.82096
1783680898,28.92271,78.03006,91,2,224,,1,27.9681,29.05162,24.24583
1783680899,28.92271,78.03006,91,2,225,,1,988.7921,469.1671,988.7921
1783680900,28.92271,78.03006,91,2,225,,1,29.05162,28.57749,24.24583
1783680900,28.92271,78.03006,91,2,225,,1,27.83244,28.57749,24.24583
1783680901,28.92271,78.03006,91,2,225,,1,28.81456,27.9681,23.1978
1783680902,28.92271,78.03006,91,2,225,,1,27.83244,28.44203,23.53585
1783680902,28.92271,78.03006,91,2,224,,1,27.8665,28.2727,23.73865
1783680903,28.92271,78.03006,91,2,224,,1,29.05162,27.83244,22.45395
1783680904,28.92271,78.03006,91,2,224,,1,28.74682,28.20496,23.80618
1783680904,28.92271,78.03006,91,2,224,,1,28.30656,27.9681,23.73865
1783680905,28.92271,78.03006,91,2,193,,1,28.1711,29.66121,-237.8984
1783680906,28.92271,78.03006,91,2,225,,1,28.1711,38.07235,466.4396
1783680906,28.92271,78.03006,91,2,225,,1,29.22095,29.05162,25.05762
1783680907,28.92271,78.03006,91,2,225,,1,29.22095,29.05162,25.05762
1783680908,28.92271,78.03006,91,2,225,,1,28.61136,27.83244,23.94144
1783680908,28.92271,78.03006,91,2,225,,1,28.71296,28.50976,24.21217
1783680909,28.92271,78.03006,91,2,225,,1,29.32255,28.67909,23.67112
1783680910,28.92271,78.03006,91,2,224,,1,28.78069,28.34043,24.3811
1783680910,28.92271,78.03006,91,2,224,,1,28.34043,28.54363,24.1783
1783680911,28.92271,78.03006,91,2,224,,1,27.79877,27.8665,23.90778
1783680912,28.92271,78.03006,91,2,224,,1,27.62944,28.23883,24.55023
1783680912,28.92271,78.03006,91,2,224,,1,28.61136,28.34043,23.87391
1783680913,28.92271,78.03006,91,2,224,,1,27.62944,28.78069,23.84025
1783680914,28.92271,78.03006,91,2,224,,1,27.73104,27.05412,24.41496
1783680914,28.92271,78.03006,91,2,224,,1,27.8665,28.20496,24.04304
1783680915,28.92271,78.03006,91,2,224,,1,28.74682,29.18709,24.51636
1783680916,28.92271,78.03006,91,2,225,,1,28.91616,28.3743,23.77251
1783680916,28.92271,78.03006,91,2,225,,1,28.91616,328.8234,24.24583
1783680917,28.92271,78.03006,91,2,224,,1,-111.3911,988.7921,24.21217
1783680918,28.92271,78.03006,91,2,225,,1,28.81456,27.62944,24.21217
1783680919,28.92271,78.03006,91,2,225,,1,28.81456,27.56171,23.36672
1783680919,28.92271,78.03006,91,2,225,,1,28.1711,27.73104,23.36672
1783680920,28.92271,78.03006,91,2,225,,1,28.40816,27.15551,24.1783
1783680921,28.92271,78.03006,91,2,225,,1,26.95252,26.95252,24.00917
1783680921,28.92271,78.03006,91,2,224,,1,27.69717,27.15551,23.56952
1783680922,28.92271,78.03006,91,2,224,,1,28.23883,27.15551,23.40059
1783680923,28.92271,78.03006,91,2,224,,1,28.64523,27.39258,23.43446
1783680923,28.92271,78.03006,91,2,224,,1,27.56171,27.52784,24.07691
1783680924,28.92271,78.03006,91,2,224,,1,27.79877,27.9681,23.67112
1783680925,28.92271,78.03006,91,2,225,,1,27.93403,27.62944,23.50199
1783680925,28.92271,78.03006,91,2,224,,1,27.8665,988.7921,23.50199
1783680926,28.92271,78.03006,91,2,225,,1,29.79668,27.69717,23.84025
1783680927,28.92271,78.03006,91,2,225,,1,29.79668,27.69717,23.84025
1783680927,28.92271,78.03006,91,2,225,,1,27.42644,27.79877,23.06253
1783680928,28.92271,78.03006,91,2,225,,1,28.50976,25.42974,22.8934
1783680929,28.92271,78.03006,91,2,224,,1,28.74682,26.71565,23.23146
1783680929,28.92271,78.03006,91,2,224,,1,29.01776,27.56171,23.56952
1783680930,28.92271,78.03006,91,2,224,,1,27.08778,28.34043,23.26533
1783680931,28.92271,78.03006,91,2,224,,1,29.55962,27.18938,23.53585
1783680931,28.92271,78.03006,91,2,224,,1,28.40816,26.34333,23.70478
1783680932,28.92271,78.03006,91,2,224,,1,29.01776,-48.14035,23.70478
1783680933,28.92271,78.03006,91,2,225,,1,28.30656,27.7649,23.70478
1783680933,28.92271,78.03006,91,2,225,,1,28.30656,27.7649,23.70478
1783680934,28.92271,78.03006,91,2,225,,1,28.20496,27.49417,23.70478
1783680935,28.92271,78.03006,91,2,225,,1,28.03563,28.00177,23.70478
1783680935,28.92271,78.03006,91,2,224,,1,27.49417,27.66331,23.70478
1783680936,28.92271,78.03006,91,2,224,,1,27.39258,27.32484,23.70478
1783680937,28.92271,78.03006,91,2,224,,1,28.95002,27.79877,23.70478
1783680937,28.92271,78.03006,91,2,224,,1,29.22095,27.12165,23.70478
1783680938,28.92271,78.03006,91,2,224,,1,27.12165,28.0697,23.70478
1783680939,28.92271,78.03006,91,2,225,,1,27.02005,28.03563,23.70478
1783680939,28.92271,78.03006,91,2,225,,1,-242.02,-48.10729,23.70478
1783680940,28.92271,78.03006,91,2,225,,1,29.11935,27.79877,23.90778
1783680941,28.92271,78.03006,91,2,225,,1,29.11935,27.79877,23.90778
1783680941,28.92271,78.03006,91,2,225,,1,27.59557,27.15551,23.87391
1783680942,28.92271,78.03006,91,2,225,,1,29.01776,27.62944,23.23146
1783680943,28.92271,78.03006,91,2,224,,1,28.88229,27.39258,23.80618
1783680943,28.92271,78.03006,91,2,224,,1,28.91616,28.44203,23.77251
1783680944,28.92271,78.03006,91,2,224,,1,27.46011,28.0697,23.73865
1783680945,28.92271,78.03006,91,2,224,,1,28.81456,27.56171,24.2797
1783680945,28.92271,78.03006,91,2,224,,1,28.44203,27.22325,24.07691
1783680946,28.92271,78.03006,91,2,224,,1,29.42415,325.3666,24.75323
1783680947,28.92271,78.03006,91,2,225,,1,29.22095,27.46011,24.75323
1783680947,28.92271,78.03006,91,2,225,,1,28.00177,27.46011,23.53585
1783680948,28.92271,78.03006,91,2,225,,1,27.83244,28.50976,23.53585
1783680949,28.92271,78.03006,91,2,225,,1,28.03563,28.2727,22.69061
1783680949,28.92271,78.03006,91,2,224,,1,28.67909,27.62944,24.44883
1783680950,28.92271,78.03006,91,2,224,,1,27.79877,28.30656,24.31357
1783680951,28.92271,78.03006,91,2,224,,1,28.67909,27.02005,24.65183
1783680952,28.92271,78.03006,91,2,224,,1,29.18709,27.42644,23.97531
1783680952,28.92271,78.03006,91,2,224,,1,29.18709,27.39258,23.77251
1783680953,28.92271,78.03006,91,2,224,,1,28.3743,27.73104,24.65183
1783680954,28.92271,78.03006,91,2,225,,1,27.83244,27.73104,24.65183
1783680954,28.92271,78.03006,91,2,225,,1,27.83244,27.05412,24.68549
1783680955,28.92271,78.03006,91,2,225,,1,27.7649,27.29098,24.68549
1783680956,28.92271,78.03006,91,2,225,,1,28.71296,26.98638,23.97531
1783680956,28.92271,78.03006,91,2,224,,1,28.20496,27.79877,24.1783
1783680957,28.92271,78.03006,91,2,224,,1,28.57749,27.69717,23.84025
1783680958,28.92271,78.03006,91,2,224,,1,28.47589,27.9681,23.77251
1783680958,28.92271,78.03006,91,2,225,,1,28.10336,27.15551,23.77251
1783680959,28.92271,78.03006,91,2,225,,1,-180.5516,-48.14035,23.77251
1783680960,28.92271,78.03006,91,2,225,,1,28.10336,26.61406,24.3811
1783680960,28.92271,78.03006,91,2,225,,1,28.44203,27.52784,23.46812
1783680961,28.92271,78.03006,91,2,225,,1,28.44203,26.85092,24.11057
1783680962,28.92271,78.03006,91,2,224,,1,26.51246,27.46011,23.36672
1783680962,28.92271,78.03006,91,2,224,,1,29.49188,27.18938,23.50199
1783680963,28.92271,78.03006,91,2,224,,1,29.05162,26.95252,23.50199
1783680964,28.92271,78.03006,91,2,224,,1,28.40816,28.3743,23.63725
1783680964,28.92271,78.03006,91,2,225,,1,29.22095,28.44203,24.5841
1783680965,28.92271,78.03006,91,2,225,,1,29.22095,988.7921,23.67112
1783680966,28.92271,78.03006,91,2,225,,1,28.30656,28.00177,23.63725
1783680966,28.92271,78.03006,91,2,225,,1,29.22095,27.66331,24.24583
1783680967,28.92271,78.03006,91,2,225,,1,28.88229,27.73104,23.36672
1783680968,28.92271,78.03006,91,2,225,,1,27.15551,26.98638,23.80618
1783680968,28.92271,78.03006,91,2,224,,1,28.54363,28.03563,23.94144
1783680969,28.92271,78.03006,91,2,224,,1,29.69508,27.02005,23.13006
1783680970,28.92271,78.03006,91,2,224,,1,28.50976,27.73104,23.40059
1783680970,28.92271,78.03006,91,2,224,,1,28.47589,27.9681,24.99009
1783680971,28.92271,78.03006,91,2,224,,1,29.08549,27.90037,24.21217
1783680972,28.92271,78.03006,91,2,225,,1,29.08549,27.90037,988.7921
1783680972,28.92271,78.03006,91,2,225,,1,26.0726,28.23883,24.65183
1783680973,28.92271,78.03006,91,2,225,,1,26.0726,28.23883,24.65183
1783680974,28.92271,78.03006,91,2,225,,1,27.90037,26.58019,23.16393
1783680974,28.92271,78.03006,91,2,225,,1,28.84842,28.44203,23.60338
1783680975,28.92271,78.03006,91,2,225,,1,28.47589,26.78319,23.36672
1783680976,28.92271,78.03006,91,2,224,,1,28.88229,28.23883,23.87391
1783680976,28.92271,78.03006,91,2,224,,1,29.72895,28.0697,-238.1034
1783680977,28.92271,78.03006,91,2,224,,1,29.15322,26.88478,23.53585
1783680978,28.92271,78.03006,91,2,224,,1,29.59348,27.62944,23.53585
1783680978,28.92271,78.03006,91,2,224,,1,28.88229,27.08778,23.23146
1783680979,28.92271,78.03006,91,2,225,,1,28.98389,468.0368,19.78476
1783680980,28.92271,78.03006,91,2,225,,1,29.25482,26.78319,-113.6115
1783680980,28.92271,78.03006,91,2,225,,1,28.47589,26.78319,24.3811
1783680981,28.92271,78.03006,91,2,225,,1,27.90037,28.30656,24.3811
1783680982,28.92271,78.03006,91,2,225,,1,28.57749,28.81456,23.73865
1783680983,28.92271,78.03006,91,2,225,,1,28.50976,28.23883,24.4827
1783680983,28.92271,78.03006,91,2,224,,1,29.11935,28.50976,24.04304
1783680984,28.92271,78.03006,91,2,224,,1,28.64523,27.22325,24.31357
1783680985,28.92271,78.03006,91,2,224,,1,28.64523,27.69717,23.60338
1783680985,28.92271,78.03006,91,2,225,,1,28.30656,28.40816,23.84025
1783680986,28.92271,78.03006,91,2,225,,1,28.54363,27.83244,25.02375
1783680987,28.92271,78.03006,91,2,224,,1,-234.4944,27.15551,24.71936
1783680987,28.92271,78.03006,91,2,225,,1,19.24451,988.7921,25.15922
1783680988,28.92271,78.03006,91,2,225,,1,28.10336,29.62735,23.94144
1783680989,28.92271,78.03006,91,2,225,,1,28.50976,29.62735,23.94144
1783680989,28.92271,78.03006,91,2,225,,1,29.52575,28.10336,23.84025
1783680990,28.92271,78.03006,91,2,224,,1,28.84842,27.8665,23.94144
1783680991,28.92271,78.03006,91,2,224,,1,28.2727,28.2727,24.5841
1783680991,28.92271,78.03006,91,2,224,,1,29.25482,28.67909,24.00917
1783680992,28.92271,78.03006,91,2,224,,1,28.40816,28.2727,24.71936
1783680993,28.92271,78.03006,91,2,224,,1,28.40816,29.08549,24.61796
1783680993,28.92271,78.03006,91,2,225,,1,29.15322,29.08549,24.61796
1783680994,28.92271,78.03006,91,2,225,,1,29.15322,28.95002,23.33286
1783680995,28.92271,78.03006,91,2,225,,1,28.84842,28.54363,24.34743
1783680995,28.92271,78.03006,91,2,224,,1,28.91616,28.0697,25.05762
1783680996,28.92271,78.03006,91,2,224,,1,28.40816,28.57749,24.82096
1783680997,28.92271,78.03006,91,2,224,,1,29.76281,28.13723,23.94144
1783680997,28.92271,78.03006,91,2,224,,1,27.9681,27.22325,23.33286
1783680998,28.92271,78.03006,0,2,224,,1,27.8665,-240.1221,23.80618
1783680999,28.92271,78.03006,91,2,225,,1,28.50976,28.23883,23.0962
1783680999,28.92271,78.03006,91,2,225,,1,28.50976,28.67909,23.40059
1783681000,28.92271,78.03006,91,2,225,,1,28.00177,27.90037,24.44883
1783681001,28.92271,78.03006,91,2,224,,1,27.7649,28.20496,23.87391
1783681001,28.92271,78.03006,91,2,224,,1,27.8665,28.67909,23.50199
1783681002,28.92271,78.03006,91,2,224,,1,28.71296,27.93403,25.15922
1783681003,28.92271,78.03006,91,2,224,,1,29.76281,27.90037,24.11057
1783681003,28.92271,78.03006,91,2,224,,1,28.2727,28.10336,24.55023
1783681004,28.92271,78.03006,91,2,224,,1,28.2727,988.7921,24.4827
1783681005,28.92271,78.03006,91,2,225,,1,28.54363,29.28868,24.78709
1783681005,28.92271,78.03006,91,2,225,,1,28.54363,29.28868,24.78709
1783681006,28.92271,78.03006,91,2,225,,1,27.66331,29.45802,23.90778
1783681007,28.92271,78.03006,91,2,224,,1,27.8665,29.22095,23.40059
1783681007,28.92271,78.03006,91,2,224,,1,28.0697,29.15322,24.31357
1783681008,28.92271,78.03006,91,2,224,,1,29.52575,29.25482,24.24583
1783681009,28.92271,78.03006,91,2,224,,1,29.96601,28.61136,23.97531
1783681009,28.92271,78.03006,91,2,224,,1,28.81456,28.23883,24.82096
1783681010,28.92271,78.03006,91,2,225,,1,28.00177,29.42415,24.78709
1783681011,28.92271,78.03006,91,2,225,,1,29.62735,28.54363,23.23146
1783681011,28.92271,78.03006,91,2,225,,1,29.62735,28.54363,23.23146
1783681012,28.92271,78.03006,91,2,225,,1,27.8665,29.76281,23.97531
1783681013,28.92271,78.03006,91,2,225,,1,28.57749,29.93214,23.29919
1783681013,28.92271,78.03006,91,2,224,,1,29.28868,28.10336,24.21217
1783681014,28.92271,78.03006,91,2,224,,1,28.20496,28.40816,23.43446
1783681015,28.92271,78.03006,91,2,224,,1,27.90037,28.23883,23.56952
1783681016,28.92271,78.03006,91,2,224,,1,28.3743,28.0697,23.87391
1783681016,28.92271,78.03006,91,2,225,,1,28.78069,28.0697,23.87391
1783681017,28.92271,78.03006,91,2,225,,1,28.78069,28.74682,23.87391
1783681018,28.92271,78.03006,91,2,225,,1,27.73104,27.08778,24.55023
1783681018,28.92271,78.03006,91,2,224,,1,28.67909,29.99988,24.04304
1783681019,28.92271,78.03006,91,2,224,,1,28.40816,28.71296,24.34743
1783681020,28.92271,78.03006,91,2,224,,1,27.56171,28.34043,25.19288
1783681020,28.92271,78.03006,91,2,224,,1,27.90037,29.05162,24.92235
1783681021,28.92271,78.03006,91,2,224,,1,19.61603,28.81456,24.99009
1783681022,28.92271,78.03006,91,2,225,,1,28.64523,28.81456,24.85462
1783681022,28.92271,78.03006,91,2,225,,1,28.1711,28.81456,23.77251
1783681023,28.92271,78.03006,91,2,225,,1,27.49417,27.69717,23.53585
1783681024,28.92271,78.03006,91,2,224,,1,28.50976,27.62944,24.00917
1783681024,28.92271,78.03006,91,2,224,,1,27.69717,27.8665,23.84025
1783681025,28.92271,78.03006,91,2,224,,1,27.7649,28.34043,24.85462
1783681026,28.92271,78.03006,91,2,224,,1,29.15322,27.25711,24.31357
1783681026,28.92271,78.03006,91,2,224,,1,28.88229,27.25711,24.61796
1783681027,28.92271,78.03006,91,2,225,,1,28.10336,27.25711,24.88849
1783681028,28.92271,78.03006,91,2,225,,1,28.74682,26.98638,23.60338
1783681028,28.92271,78.03006,91,2,225,,1,28.1711,27.73104,24.99009
1783681029,28.92271,78.03006,91,2,224,,1,28.84842,27.59557,24.3811
1783681030,28.92271,78.03006,91,2,224,,1,28.50976,27.22325,24.14444
1783681030,28.92271,78.03006,91,2,224,,1,28.23883,27.22325,23.97531
1783681031,28.92271,78.03006,91,2,224,,1,27.49417,27.35871,24.44883
1783681032,28.92271,78.03006,91,2,224,,1,27.8665,27.35871,24.71936
1783681032,28.92271,78.03006,91,2,225,,1,27.18938,26.61406,24.21217
1783681033,28.92271,78.03006,91,2,225,,1,27.46011,27.93403,24.21217
1783681034,28.92271,78.03006,91,2,225,,1,27.52784,27.42644,24.04304
1783681034,28.92271,78.03006,91,2,225,,1,27.42644,27.9681,22.96113
1783681035,28.92271,78.03006,91,2,224,,1,28.81456,28.3743,23.29919
1783681036,28.92271,78.03006,91,2,224,,1,27.7649,26.95252,24.71936
1783681036,28.92271,78.03006,91,2,223,,1,28.03563,27.56171,24.65183
1783681037,28.92271,78.03006,91,2,225,,1,-234.4356,28.00177,24.55023
1783681038,28.92271,78.03006,91,2,225,,1,-240.0929,27.08778,24.68549
1783681038,28.92271,78.03006,91,2,225,,1,28.67909,-242.02,25.70047
1783681039,28.92271,78.03006,91,2,225,,1,28.30656,28.34043,23.63725
1783681040,28.92271,78.03006,91,2,225,,1,28.67909,29.42415,23.63725
1783681040,28.92271,78.03006,91,2,225,,1,28.3743,28.50976,23.56952
1783681041,28.92271,78.03006,91,2,224,,1,29.49188,28.78069,23.46812
1783681042,28.92271,78.03006,91,2,224,,1,29.89848,29.15322,23.87391
1783681042,28.92271,78.03006,91,2,224,,1,28.44203,28.34043,23.36672
1783681043,28.92271,78.03006,91,2,224,,1,28.71296,28.10336,23.63725
1783681044,28.92271,78.03006,91,2,224,,1,27.42644,29.42415,23.77251
1783681044,28.92271,78.03006,91,2,225,,1,30.03395,29.42415,318.2055
1783681045,28.92271,78.03006,91,2,225,,1,29.15322,28.20496,22.52168
1783681046,28.92271,78.03006,91,2,225,,1,27.83244,28.61136,22.52168
1783681047,28.92271,78.03006,91,2,224,,1,28.44203,28.10336,23.16393
1783681047,28.92271,78.03006,91,2,224,,1,28.23883,28.0697,24.00917
1783681048,28.92271,78.03006,91,2,224,,1,27.59557,29.22095,23.70478
1783681049,28.92271,78.03006,91,2,224,,1,27.8665,28.64523,23.1978
1783681049,28.92271,78.03006,91,2,224,,1,27.02005,28.64523,22.85974
1783681050,28.92271,78.03006,91,2,225,,1,27.73104,27.18938,-211.7268
1783681051,28.92271,78.03006,91,2,225,,1,27.29098,27.18938,24.34743
1783681051,28.92271,78.03006,91,2,225,,1,28.71296,27.7649,23.02867
1783681052,28.92271,78.03006,91,2,225,,1,28.20496,28.00177,23.29919
1783681053,28.92271,78.03006,91,2,224,,1,27.8665,27.35871,22.38642
1783681053,28.92271,78.03006,91,2,224,,1,28.00177,27.93403,23.33286
1783681054,28.92271,78.03006,91,2,225,,1,27.35871,27.83244,23.70478
1783681055,28.92271,78.03006,91,2,225,,1,27.08778,27.15551,-234.5532
1783681055,28.92271,78.03006,91,2,225,,1,27.73104,27.62944,23.53585
1783681056,28.92271,78.03006,91,1,225,,1,27.56171,27.8665,22.82587
1783681057,28.92271,78.03006,91,2,224,,1,27.56171,27.42644,23.26533
1783681057,28.92271,78.03006,91,2,224,,1,27.15551,26.98638,22.14976
1783681058,28.92271,78.03006,91,2,224,,1,27.93403,27.93403,23.06253
1783681059,28.92271,78.03006,91,2,224,,1,27.52784,26.95252,23.63725
1783681059,28.92271,78.03006,91,2,224,,1,308.2521,26.95252,-242.02
1783681060,28.92271,78.03006,91,2,225,,1,27.83244,28.40816,21.8119
1783681061,28.92271,78.03006,91,2,225,,1,27.39258,26.91865,25.12535
1783681061,28.92271,78.03006,91,2,224,,1,27.73104,26.1742,24.44883
1783681062,28.92271,78.03006,91,2,224,,1,27.93403,28.00177,23.67112
1783681063,28.92271,78.03006,91,2,224,,1,28.23883,27.66331,24.04304
1783681063,28.92271,78.03006,91,2,224,,1,28.57749,27.49417,23.53585
1783681064,28.92271,78.03006,91,2,224,,1,-180.5516,988.7921,23.53585
1783681065,28.92271,78.03006,91,2,226,,1,28.03563,28.54363,23.53585
1783681065,28.92271,78.03006,91,2,225,,1,28.03563,28.50976,23.16393
1783681066,28.92271,78.03006,91,2,224,,1,27.62944,27.8665,23.33286
1783681067,28.92271,78.03006,91,2,224,,1,27.83244,27.83244,23.87391
1783681067,28.92271,78.03006,91,2,224,,1,27.90037,26.47879,23.33286
1783681068,28.92271,78.03006,91,2,224,,1,28.0697,27.69717,23.56952
1783681069,28.92271,78.03006,91,2,225,,1,-226.5556,36.1712,23.56952
1783681069,28.92271,78.03006,91,2,226,,1,27.52784,27.69717,23.0962
1783681070,28.92271,78.03006,91,2,225,,1,27.7649,28.23883,24.34743
1783681071,28.92271,78.03006,91,2,224,,1,28.13723,28.2727,25.19288
1783681071,28.92271,78.03006,91,2,224,,1,27.59557,27.83244,23.50199
1783681072,28.92271,78.03006,91,2,224,,1,27.59557,26.74932,24.04304
1783681073,28.92271,78.03006,91,2,225,,1,28.57749,29.28868,24.88849
1783681073,28.92271,78.03006,91,2,225,,1,28.95002,28.44203,24.31357
1783681074,28.92271,78.03006,91,2,225,,1,29.35642,28.44203,24.31357
1783681075,28.92271,78.03006,91,2,225,,1,28.91616,27.9681,24.31357
1783681076,28.92271,78.03006,91,2,224,,1,29.69508,29.15322,24.44883
1783681076,28.92271,78.03006,91,2,224,,1,29.18709,28.00177,24.24583
1783681077,28.92271,78.03006,91,2,224,,1,29.15322,28.23883,24.2797
1783681077,28.92271,78.03006,91,2,225,,1,29.15322,-241.9617,24.3811
1783681078,28.92271,78.03006,91,2,225,,1,28.10336,28.0697,23.80618
1783681079,28.92271,78.03006,91,2,225,,1,28.50976,28.57749,23.80618
1783681080,28.92271,78.03006,91,2,224,,1,27.8665,28.23883,23.60338
1783681080,28.92271,78.03006,91,2,224,,1,27.49417,28.20496,24.31357
1783681081,28.92271,78.03006,91,2,224,,1,24.68549,28.0697,25.19288
1783681082,28.92271,78.03006,91,2,224,,1,27.39258,28.64523,24.07691
1783681082,28.92271,78.03006,91,2,224,,1,27.39258,27.56171,23.60338
1783681083,28.92271,78.03006,91,2,224,,1,327.2617,28.84842,23.84025
1783681084,28.92271,78.03006,91,2,225,,1,27.08778,28.95002,24.99009
1783681084,28.92271,78.03006,91,2,225,,1,27.08778,28.95002,24.78709
1783681085,28.92271,78.03006,91,2,225,,1,28.40816,28.67909,24.07691
1783681086,28.92271,78.03006,91,2,225,,1,28.40816,28.00177,23.97531
1783681086,28.92271,78.03006,91,2,224,,1,27.49417,28.67909,25.46361
1783681087,28.92271,78.03006,91,2,224,,1,27.66331,28.98389,23.56952
1783681088,28.92271,78.03006,91,2,224,,1,27.7649,29.08549,24.78709
1783681088,28.92271,78.03006,91,2,224,,1,27.79877,27.73104,24.44883
1783681089,28.92271,78.03006,91,2,224,,1,27.05412,28.78069,25.29448
1783681090,28.92271,78.03006,91,2,225,,1,27.52784,29.42415,24.04304
1783681090,28.92271,78.03006,91,2,225,,1,27.52784,309.5454,988.7921
1783681091,28.92271,78.03006,91,2,225,,1,27.69717,28.84842,24.4827
1783681092,28.92271,78.03006,91,2,225,,1,28.23883,28.84842,24.31357
1783681092,28.92271,78.03006,91,2,225,,1,27.93403,28.67909,24.2797
1783681093,28.92271,78.03006,91,2,225,,1,27.9681,28.61136,24.34743
1783681094,28.92271,78.03006,91,2,224,,1,27.15551,27.66331,24.31357
1783681094,28.92271,78.03006,91,2,224,,1,27.8665,28.98389,24.99009
1783681095,28.92271,78.03006,91,2,224,,1,28.3743,28.81456,25.02375
1783681096,28.92271,78.03006,91,2,225,,1,27.73104,28.34043,24.44883
1783681096,28.92271,78.03006,91,2,225,,1,468.4654,988.7921,466.4007
1783681097,28.92271,78.03006,91,2,225,,1,28.0697,27.9681,24.24583
1783681098,28.92271,78.03006,91,2,225,,1,28.0697,27.66331,24.00917
1783681098,28.92271,78.03006,91,2,225,,1,27.59557,26.95252,23.63725
1783681099,28.92271,78.03006,91,2,224,,1,27.79877,28.34043,24.14444
1783681100,28.92271,78.03006,91,2,224,,1,27.22325,28.00177,23.87391
1783681100,28.92271,78.03006,91,2,224,,1,27.90037,28.0697,23.77251
1783681101,28.92271,78.03006,91,2,224,,1,28.81456,27.05412,24.1783
1783681102,28.92271,78.03006,91,2,224,,1,26.47879,28.20496,23.94144
1783681102,28.92271,78.03006,91,2,225,,1,27.35871,27.12165,23.94144
1783681103,28.92271,78.03006,91,2,224,,1,27.8665,27.52784,24.5841
1783681104,28.92271,78.03006,91,2,225,,1,-234.5532,28.10336,988.7921
1783681104,28.92271,78.03006,91,2,225,,1,29.42415,28.71296,22.96113
1783681105,28.92271,78.03006,91,2,225,,1,26.34333,28.10336,23.13006
1783681106,28.92271,78.03006,91,2,225,,1,28.54363,28.44203,23.53585
1783681106,28.92271,78.03006,91,2,225,,1,28.3743,27.12165,23.33286
1783681107,28.92271,78.03006,91,2,224,,1,28.74682,28.2727,23.33286
1783681108,28.92271,78.03006,91,2,224,,1,28.84842,27.02005,22.9948
1783681108,28.92271,78.03006,91,2,224,,1,28.0697,27.66331,23.97531
1783681109,28.92271,78.03006,91,2,224,,1,27.9681,27.56171,22.72447
1783681110,28.92271,78.03006,91,2,224,,1,29.18709,27.29098,23.46812
1783681111,28.92271,78.03006,91,2,224,,1,27.93403,26.81705,23.67112
1783681111,28.92271,78.03006,91,2,224,,1,329.5674,466.0502,23.43446
